date,open,close,high,low,volume,volume.1
2022-04-26,4.39,4.14,4.39,4.04,148943.0,148943.0
2022-04-27,4.1,4.43,4.46,4.0,168594.0,168594.0
2022-04-28,4.45,4.35,4.54,4.27,133351.0,133351.0
2022-04-29,4.34,4.44,4.46,4.23,166154.0,166154.0
2022-05-06,4.22,4.22,4.22,4.22,5978.0,5978.0
2022-05-09,4.01,4.01,4.01,4.01,3236.0,3236.0
2022-05-10,3.81,4.15,4.2,3.81,529272.0,529272.0
2022-05-11,3.96,3.94,4.03,3.94,215557.0,215557.0
2022-05-12,3.96,3.74,3.97,3.74,140241.0,140241.0
2022-05-13,3.74,3.55,3.8,3.55,245473.0,245473.0
2022-05-16,3.51,3.37,3.55,3.37,203033.0,203033.0
2022-05-17,3.25,3.27,3.38,3.2,350348.0,350348.0
2022-05-18,3.22,3.36,3.4,3.22,245767.0,245767.0
2022-05-19,3.31,3.52,3.53,3.28,202168.0,202168.0
2022-05-20,3.5,3.7,3.7,3.5,144801.0,144801.0
2022-05-23,3.73,3.71,3.82,3.57,240971.0,240971.0
2022-05-24,3.72,3.55,3.74,3.52,184269.0,184269.0
2022-05-25,3.46,3.6,3.62,3.39,111405.0,111405.0
2022-05-26,3.57,3.54,3.6,3.48,82122.0,82122.0
2022-05-27,3.56,3.62,3.68,3.5,130283.0,130283.0
2022-05-30,3.61,3.62,3.69,3.58,99074.0,99074.0
2022-05-31,3.6,3.49,3.6,3.44,157649.0,157649.0
2022-06-01,3.5,3.5,3.53,3.42,101220.0,101220.0
2022-06-02,3.48,3.63,3.65,3.46,166737.0,166737.0
2022-06-06,3.58,3.54,3.62,3.52,137521.0,137521.0
2022-06-07,3.5,3.37,3.51,3.36,178345.0,178345.0
2022-06-08,3.37,3.43,3.43,3.33,115415.0,115415.0
2022-06-09,3.43,3.33,3.43,3.27,99944.0,99944.0
2022-06-10,3.3,3.34,3.38,3.23,83639.0,83639.0
2022-06-13,3.22,3.29,3.33,3.22,73571.0,73571.0
2022-06-14,3.24,3.37,3.38,3.2,105235.0,105235.0
2022-06-15,3.37,3.31,3.4,3.3,126899.0,126899.0
2022-06-16,3.28,3.26,3.3,3.23,71758.0,71758.0
2022-06-17,3.25,3.26,3.33,3.24,75983.0,75983.0
2022-06-20,3.29,3.35,3.42,3.27,117368.0,117368.0
2022-06-21,3.33,3.31,3.36,3.3,71388.0,71388.0
2022-06-22,3.32,3.34,3.42,3.31,100542.0,100542.0
2022-06-23,3.38,3.51,3.51,3.35,209041.0,209041.0
2022-06-24,3.52,3.49,3.54,3.42,172988.0,172988.0
2022-06-27,3.48,3.62,3.65,3.46,183050.0,183050.0
2022-06-28,3.6,3.71,3.76,3.57,201304.0,201304.0
2022-06-29,3.68,3.52,3.78,3.52,211262.0,211262.0
2022-06-30,3.48,3.48,3.55,3.43,122288.0,122288.0
2022-07-01,3.46,3.43,3.5,3.39,94840.0,94840.0
2022-07-04,3.34,3.26,3.42,3.26,206006.0,206006.0
2022-07-05,3.23,3.27,3.31,3.22,127817.0,127817.0
2022-07-06,3.25,3.24,3.27,3.21,67792.0,67792.0
2022-07-07,3.24,3.31,3.35,3.23,102807.0,102807.0
2022-07-08,3.31,3.3,3.32,3.27,73392.0,73392.0
2022-07-11,3.29,3.28,3.33,3.25,61604.0,61604.0
2022-07-12,3.26,3.28,3.31,3.26,64165.0,64165.0
2022-07-13,3.26,3.35,3.38,3.26,96558.0,96558.0
2022-07-14,3.33,3.34,3.37,3.29,89113.0,89113.0
2022-07-15,3.33,3.26,3.42,3.22,140586.0,140586.0
2022-07-18,3.19,3.11,3.19,3.1,234779.0,234779.0
2022-07-19,3.11,3.2,3.22,3.1,159716.0,159716.0
2022-07-20,3.18,3.34,3.36,3.17,172382.0,172382.0
2022-07-21,3.32,3.29,3.36,3.27,117928.0,117928.0
2022-07-22,3.3,3.37,3.4,3.28,150839.0,150839.0
2022-07-25,3.5,3.38,3.5,3.38,144270.0,144270.0
2022-07-26,3.37,3.5,3.55,3.36,196142.0,196142.0
2022-07-27,3.52,3.48,3.65,3.46,185864.0,185864.0
2022-07-28,3.46,3.53,3.55,3.42,139339.0,139339.0
2022-07-29,3.53,3.44,3.57,3.44,121112.0,121112.0
2022-08-01,3.43,3.52,3.57,3.43,147787.0,147787.0
2022-08-02,3.48,3.34,3.49,3.34,160554.0,160554.0
2022-08-03,3.34,3.24,3.4,3.21,134237.0,134237.0
2022-08-04,3.28,3.35,3.36,3.24,99781.0,99781.0
2022-08-05,3.32,3.4,3.43,3.32,102191.0,102191.0
2022-08-08,3.37,3.45,3.46,3.36,90007.0,90007.0
2022-08-09,3.49,3.42,3.57,3.41,120924.0,120924.0
2022-08-10,3.41,3.5,3.55,3.39,177373.0,177373.0
2022-08-11,3.48,3.52,3.56,3.44,176917.0,176917.0
2022-08-12,3.54,3.7,3.7,3.53,174266.0,174266.0
2022-08-15,3.89,3.89,3.89,3.89,58948.0,58948.0
2022-08-16,4.08,4.08,4.08,4.08,39055.0,39055.0
2022-08-17,4.28,4.28,4.28,4.28,11610.0,11610.0
2022-08-18,4.49,4.49,4.49,4.22,806203.0,806203.0
2022-08-19,4.68,4.71,4.71,4.57,679447.0,679447.0
2022-08-22,4.6,4.57,4.95,4.47,787645.0,787645.0
2022-08-23,4.48,4.8,4.8,4.44,415694.0,415694.0
2022-08-24,4.98,5.04,5.04,4.85,693101.0,693101.0
2022-08-25,5.06,5.29,5.29,4.98,433183.0,433183.0
2022-08-26,5.4,5.55,5.55,5.31,558492.0,558492.0
2022-08-29,5.41,5.27,5.75,5.27,588086.0,588086.0
2022-08-30,5.19,5.14,5.38,5.01,543924.0,543924.0
2022-08-31,5.4,5.4,5.4,5.4,40081.0,40081.0
2022-09-01,5.67,5.67,5.67,5.67,20987.0,20987.0
2022-09-02,5.95,5.95,5.95,5.81,529172.0,529172.0
2022-09-05,6.25,6.25,6.25,6.25,48691.0,48691.0
2022-09-06,6.56,6.56,6.56,6.38,295931.0,295931.0
2022-09-07,6.73,6.24,6.88,6.23,747755.0,747755.0
2022-09-08,6.15,6.55,6.55,6.11,336408.0,336408.0
2022-09-09,6.69,6.88,6.88,6.6,145733.0,145733.0
2022-09-13,7.22,7.22,7.22,7.12,153616.0,153616.0
2022-09-14,7.58,7.58,7.58,6.93,763964.0,763964.0
2022-09-21,7.77,7.96,7.96,7.34,613107.0,613107.0
2022-09-22,7.69,8.15,8.18,7.56,501605.0,501605.0
2022-09-23,8.4,8.34,8.56,7.96,435710.0,435710.0
2022-09-26,8.5,8.76,8.76,8.4,378135.0,378135.0
2022-09-27,9.0,9.2,9.2,8.96,392477.0,392477.0
2022-09-28,9.23,9.49,9.62,8.74,543823.0,543823.0
2022-10-13,9.02,9.02,9.02,9.02,35628.0,35628.0
2022-10-14,8.57,8.57,8.57,8.57,14928.0,14928.0
2022-10-17,8.14,8.14,8.38,8.14,415870.0,415870.0
2022-10-18,7.85,7.73,8.04,7.73,320934.0,320934.0
2022-10-19,7.34,7.34,7.34,7.34,36443.0,36443.0
2022-10-20,6.97,6.97,7.25,6.97,719368.0,719368.0
2022-10-21,6.75,6.62,6.77,6.62,248458.0,248458.0
2022-10-24,6.29,6.29,6.29,6.29,21597.0,21597.0
2022-10-25,5.98,5.98,5.98,5.98,26249.0,26249.0
2022-10-26,5.68,5.84,6.13,5.68,915217.0,915217.0
2022-10-27,5.67,5.55,5.72,5.55,564047.0,564047.0
2022-10-28,5.27,5.27,5.3,5.27,160577.0,160577.0
2022-10-31,5.01,5.01,5.11,5.01,363197.0,363197.0
2022-11-01,4.86,5.07,5.25,4.76,871697.0,871697.0
2022-11-02,4.95,5.32,5.32,4.91,499251.0,499251.0
2022-11-03,5.49,5.59,5.59,5.39,216225.0,216225.0
2022-11-04,5.87,5.31,5.87,5.31,776556.0,776556.0
2022-11-07,5.35,5.58,5.58,5.2,590095.0,590095.0
2022-11-08,5.86,5.86,5.86,5.86,15473.0,15473.0
2022-11-09,6.15,6.15,6.15,6.15,14964.0,14964.0
2022-11-10,6.46,6.46,6.46,6.46,35635.0,35635.0
2022-11-11,6.78,6.78,6.78,6.53,1066950.0,1066950.0
2022-11-14,6.77,7.12,7.12,6.7,582857.0,582857.0
2022-11-15,7.2,7.48,7.48,7.03,560105.0,560105.0
2022-11-16,7.48,7.85,7.85,7.39,331193.0,331193.0
2022-11-17,8.0,8.24,8.24,7.96,212008.0,212008.0
2022-11-23,8.6,8.55,8.65,7.83,625352.0,625352.0
2022-11-24,8.56,8.12,8.75,8.12,367719.0,367719.0
2022-11-25,7.71,7.71,7.88,7.71,123676.0,123676.0
2022-11-28,7.32,7.32,7.32,7.32,7331.0,7331.0
2022-11-29,6.95,7.69,7.69,6.95,453886.0,453886.0
2022-11-30,7.69,7.8,8.07,7.31,502704.0,502704.0
2022-12-01,7.7,7.88,8.09,7.43,497798.0,497798.0
2022-12-02,7.88,7.49,7.89,7.49,346467.0,346467.0
2022-12-05,7.37,7.86,7.86,7.23,409144.0,409144.0
2022-12-06,8.25,8.25,8.25,8.06,130700.0,130700.0
2022-12-07,8.12,7.95,8.45,7.92,441162.0,441162.0
2022-12-08,7.75,7.55,8.09,7.55,383433.0,383433.0
2022-12-09,7.17,7.17,7.3,7.17,117608.0,117608.0
2022-12-12,6.81,6.81,6.81,6.81,5491.0,5491.0
2022-12-13,6.47,6.47,6.47,6.47,8066.0,8066.0
2022-12-14,6.15,6.15,6.74,6.15,895605.0,895605.0
2022-12-15,6.0,6.46,6.46,5.9,583539.0,583539.0
2022-12-16,6.35,6.5,6.76,6.31,477267.0,477267.0
2022-12-19,6.4,6.49,6.65,6.36,302463.0,302463.0
2022-12-20,6.42,6.17,6.49,6.17,374107.0,374107.0
2022-12-21,6.1,5.86,6.14,5.86,276852.0,276852.0
2022-12-22,5.7,5.93,6.13,5.6,356504.0,356504.0
2022-12-23,5.86,6.09,6.2,5.71,347523.0,347523.0
2022-12-26,5.94,5.79,6.06,5.79,275352.0,275352.0
2022-12-27,5.61,5.5,5.69,5.5,361620.0,361620.0
2022-12-28,5.33,5.54,5.77,5.23,495804.0,495804.0
2022-12-29,5.64,5.82,5.82,5.58,294512.0,294512.0
2022-12-30,6.11,6.11,6.11,6.11,9604.0,9604.0
2023-01-03,6.11,6.36,6.42,5.96,485587.0,485587.0
2023-01-04,6.22,6.13,6.33,6.05,321280.0,321280.0
2023-01-05,6.1,6.1,6.24,6.0,258412.0,258412.0
2023-01-06,6.15,6.41,6.41,6.04,303359.0,303359.0
2023-01-09,6.3,6.28,6.43,6.2,255488.0,255488.0
2023-01-10,6.2,6.35,6.5,6.16,255969.0,255969.0
2023-01-11,6.37,6.34,6.49,6.31,189170.0,189170.0
2023-01-12,6.3,6.16,6.4,6.14,160998.0,160998.0
2023-01-13,6.14,5.94,6.18,5.9,245909.0,245909.0
2023-01-16,5.64,5.64,5.88,5.64,343883.0,343883.0
2023-01-17,5.58,5.92,5.92,5.38,332118.0,332118.0
2023-01-18,5.75,5.99,6.15,5.74,259893.0,259893.0
2023-01-19,5.92,5.89,6.08,5.86,179609.0,179609.0
2023-01-20,5.95,5.91,6.05,5.85,150699.0,150699.0
2023-01-30,6.0,6.1,6.2,5.9,250890.0,250890.0
2023-01-31,6.0,6.1,6.29,5.97,231676.0,231676.0
2023-02-01,6.27,6.27,6.35,6.14,256935.0,256935.0
2023-02-02,6.21,6.05,6.25,6.03,245341.0,245341.0
2023-02-03,6.0,6.01,6.12,5.98,159448.0,159448.0
2023-02-06,5.98,5.72,6.0,5.71,245038.0,245038.0
2023-02-07,5.7,5.8,5.85,5.7,155094.0,155094.0
2023-02-08,5.79,5.87,5.96,5.72,204504.0,204504.0
2023-02-09,5.84,5.77,5.86,5.71,184937.0,184937.0
2023-02-10,5.72,5.68,5.78,5.67,161208.0,161208.0
2023-02-13,5.69,5.71,5.76,5.62,133473.0,133473.0
2023-02-14,5.68,5.59,5.7,5.58,178575.0,178575.0
2023-02-15,5.61,5.71,5.78,5.6,185862.0,185862.0
2023-02-16,5.71,6.0,6.0,5.65,413753.0,413753.0
2023-02-17,5.98,5.83,6.04,5.77,271192.0,271192.0
2023-02-20,5.75,5.79,5.97,5.68,215746.0,215746.0
2023-02-21,5.74,5.73,5.84,5.71,161158.0,161158.0
2023-02-22,5.79,5.77,5.9,5.74,164724.0,164724.0
2023-02-23,5.75,5.72,5.81,5.71,135802.0,135802.0
2023-02-24,5.69,5.68,5.74,5.64,131628.0,131628.0
2023-02-27,5.79,5.48,5.83,5.43,218470.0,218470.0
2023-02-28,5.39,5.6,5.69,5.26,294994.0,294994.0
2023-03-01,5.55,5.49,5.56,5.45,174984.0,174984.0
2023-03-02,5.46,5.3,5.46,5.29,205821.0,205821.0
2023-03-03,5.28,5.39,5.43,5.28,142201.0,142201.0
2023-03-06,5.39,5.47,5.64,5.27,243082.0,243082.0
2023-03-07,5.41,5.35,5.52,5.34,149815.0,149815.0
2023-03-08,5.34,5.47,5.55,5.3,198745.0,198745.0
2023-03-09,5.4,5.32,5.44,5.32,155321.0,155321.0
2023-03-10,5.25,5.06,5.28,5.05,287754.0,287754.0
2023-03-13,4.96,4.92,5.05,4.91,169178.0,169178.0
2023-03-14,5.17,5.17,5.17,5.17,59637.0,59637.0
2023-03-15,5.43,5.43,5.43,5.39,183335.0,183335.0
2023-03-16,5.6,5.7,5.7,5.45,531468.0,531468.0
2023-03-17,5.73,5.91,5.99,5.63,411825.0,411825.0
2023-03-20,5.8,5.74,5.97,5.68,301534.0,301534.0
2023-03-21,5.67,5.89,5.95,5.67,223279.0,223279.0
2023-03-22,6.18,6.18,6.18,6.18,19088.0,19088.0
2023-03-23,6.49,6.49,6.49,6.49,10250.0,10250.0
2023-03-24,6.68,6.55,6.79,6.41,525241.0,525241.0
2023-03-27,6.5,6.22,6.61,6.22,356078.0,356078.0
2023-03-28,6.03,6.07,6.26,6.01,346556.0,346556.0
2023-03-29,6.11,5.92,6.11,5.86,292977.0,292977.0
2023-03-30,5.92,6.0,6.12,5.87,245361.0,245361.0
2023-03-31,6.0,5.99,6.09,5.93,222154.0,222154.0
2023-04-03,5.94,5.85,5.95,5.83,216517.0,216517.0
2023-04-04,5.79,5.94,6.04,5.77,227747.0,227747.0
2023-04-06,5.9,5.64,5.92,5.64,261896.0,261896.0
2023-04-07,5.62,5.74,5.81,5.59,153140.0,153140.0
2023-04-10,5.96,5.88,6.03,5.87,307695.0,307695.0
2023-04-11,5.65,5.8,5.92,5.61,244617.0,244617.0
2023-04-12,5.75,5.82,5.89,5.72,146073.0,146073.0
2023-04-13,5.83,5.92,5.97,5.8,145097.0,145097.0
2023-04-14,5.95,5.89,5.99,5.87,135580.0,135580.0
2023-04-17,5.88,5.8,5.94,5.8,107056.0,107056.0
2023-04-18,5.81,5.87,6.01,5.76,188538.0,188538.0
2023-04-19,5.94,5.63,5.95,5.6,246840.0,246840.0
2023-04-20,5.62,5.41,5.68,5.35,228766.0,228766.0
2023-04-21,5.45,5.48,5.62,5.41,160314.0,160314.0
2023-04-24,5.48,5.21,5.5,5.21,182108.0,182108.0
2023-04-25,5.08,5.25,5.28,5.05,166538.0,166538.0
2023-04-26,5.17,4.99,5.24,4.99,197778.0,197778.0
2023-04-27,4.74,4.74,4.84,4.74,245903.0,245903.0
2023-04-28,4.51,4.5,4.6,4.5,241232.0,241232.0
2023-05-04,4.72,4.73,4.73,4.66,67481.0,67481.0
2023-05-05,4.97,4.97,4.97,4.97,9719.0,9719.0
2023-05-08,5.09,4.76,5.09,4.73,262445.0,262445.0
2023-05-09,4.81,4.59,4.83,4.58,173158.0,173158.0
2023-05-10,4.55,4.68,4.74,4.45,188069.0,188069.0
2023-05-11,4.62,4.66,4.77,4.52,156102.0,156102.0
2023-05-12,4.66,4.48,4.68,4.48,135781.0,135781.0
2023-05-15,4.42,4.58,4.62,4.42,126154.0,126154.0
2023-05-16,4.57,4.46,4.59,4.43,103944.0,103944.0
2023-05-17,4.24,4.24,4.31,4.24,193602.0,193602.0
2023-05-18,4.24,4.23,4.34,4.21,127038.0,127038.0
2023-05-19,4.23,4.18,4.24,4.08,156586.0,156586.0
2023-05-22,4.39,4.39,4.39,4.39,24476.0,24476.0
2023-05-23,4.55,4.61,4.61,4.42,232685.0,232685.0
2023-05-24,4.7,4.76,4.84,4.64,357567.0,357567.0
2023-05-25,4.66,4.52,4.67,4.52,210851.0,210851.0
2023-05-26,4.46,4.57,4.57,4.41,132769.0,132769.0
2023-05-29,4.5,4.34,4.5,4.34,161452.0,161452.0
2023-05-30,4.25,4.37,4.41,4.25,97601.0,97601.0
2023-05-31,4.33,4.44,4.53,4.33,115964.0,115964.0
2023-06-01,4.42,4.43,4.47,4.39,69347.0,69347.0
2023-06-02,4.42,4.55,4.58,4.42,101953.0,101953.0
2023-06-05,4.56,4.78,4.78,4.55,124774.0,124774.0
2023-06-06,4.98,4.79,4.98,4.7,193380.0,193380.0
2023-06-07,4.88,4.85,4.95,4.77,146191.0,146191.0
2023-06-08,4.77,4.63,4.77,4.61,135320.0,135320.0
2023-06-09,4.86,4.86,4.86,4.8,197118.0,197118.0
2023-06-12,5.05,5.1,5.1,4.95,224413.0,224413.0
2023-06-13,5.11,5.06,5.19,5.01,259613.0,259613.0
2023-06-14,5.03,4.96,5.08,4.93,131766.0,131766.0
2023-06-15,4.93,4.9,4.98,4.88,106296.0,106296.0
2023-06-16,5.04,4.91,5.05,4.91,118043.0,118043.0
2023-06-19,4.86,4.93,4.96,4.83,120194.0,120194.0
2023-06-20,4.88,5.01,5.13,4.87,166736.0,166736.0
2023-06-21,4.98,5.07,5.08,4.92,116462.0,116462.0
2023-06-26,5.17,5.32,5.32,5.13,214439.0,214439.0
2023-06-27,5.2,5.53,5.58,5.19,215873.0,215873.0
2023-06-28,5.55,5.47,5.68,5.34,175454.0,175454.0
2023-06-29,5.2,5.25,5.36,5.2,152602.0,152602.0
2023-06-30,5.41,5.07,5.5,5.06,279555.0,279555.0
2023-07-03,4.95,5.07,5.13,4.95,177079.0,177079.0
2023-07-04,5.05,5.0,5.14,4.99,157050.0,157050.0
2023-07-05,5.07,5.05,5.13,5.02,149165.0,149165.0
2023-07-06,5.03,4.95,5.03,4.91,148417.0,148417.0
2023-07-07,4.97,4.99,5.08,4.95,98506.0,98506.0
2023-07-10,4.99,4.96,4.99,4.92,64472.0,64472.0
2023-07-11,4.97,4.97,5.03,4.87,110025.0,110025.0
2023-07-12,4.97,4.82,4.97,4.81,120381.0,120381.0
2023-07-13,4.77,4.85,4.88,4.71,112856.0,112856.0
2023-07-14,4.85,4.81,4.89,4.79,73672.0,73672.0
2023-07-17,4.76,4.74,4.79,4.7,87782.0,87782.0
2023-07-18,4.75,4.88,4.98,4.7,150296.0,150296.0
2023-07-19,4.84,4.93,4.98,4.82,128333.0,128333.0
2023-07-20,4.89,4.87,4.97,4.86,87464.0,87464.0
2023-07-21,4.89,4.91,4.93,4.85,47545.0,47545.0
2023-07-24,4.91,4.83,4.92,4.81,63614.0,63614.0
2023-07-25,4.85,4.88,4.94,4.85,66479.0,66479.0
2023-07-26,4.87,4.81,4.87,4.8,60546.0,60546.0
2023-07-27,4.84,4.81,4.91,4.8,73581.0,73581.0
2023-07-28,4.8,4.82,4.83,4.74,84101.0,84101.0
2023-07-31,4.77,4.87,5.04,4.76,134404.0,134404.0
2023-08-01,4.85,4.89,4.94,4.83,81099.0,81099.0
2023-08-02,4.85,4.88,4.92,4.85,88752.0,88752.0
2023-08-03,4.89,5.07,5.12,4.86,241987.0,241987.0
2023-08-04,5.03,5.22,5.31,5.03,212523.0,212523.0
2023-08-07,5.29,5.19,5.44,5.11,176870.0,176870.0
2023-08-08,5.14,5.16,5.23,5.13,93852.0,93852.0
2023-08-09,5.15,5.11,5.2,5.1,58158.0,58158.0
2023-08-10,5.08,5.06,5.11,5.01,81605.0,81605.0
2023-08-11,5.03,5.14,5.21,5.02,110026.0,110026.0
2023-08-14,5.3,5.35,5.39,5.18,209244.0,209244.0
2023-08-15,5.35,5.27,5.41,5.24,128729.0,128729.0
2023-08-16,5.24,5.3,5.44,5.22,115390.0,115390.0
2023-08-17,5.3,5.28,5.33,5.25,87318.0,87318.0
2023-08-18,5.29,5.11,5.3,5.1,100865.0,100865.0
2023-08-21,5.18,5.26,5.32,5.14,100268.0,100268.0
2023-08-22,5.3,5.12,5.31,5.07,113092.0,113092.0
2023-08-23,5.1,5.02,5.12,4.98,84409.0,84409.0
2023-08-24,4.99,5.0,5.06,4.98,69567.0,69567.0
2023-08-25,4.95,4.8,4.99,4.75,125573.0,125573.0
2023-08-28,4.95,4.79,4.95,4.78,100197.0,100197.0
2023-08-29,4.78,4.92,4.92,4.78,76201.0,76201.0
2023-08-30,4.95,4.9,5.03,4.86,96391.0,96391.0
2023-08-31,4.8,4.85,4.88,4.77,75471.0,75471.0
2023-09-01,4.87,4.8,4.91,4.79,97226.0,97226.0
2023-09-04,4.8,4.81,4.86,4.76,96064.0,96064.0
2023-09-05,4.78,4.7,4.79,4.67,87988.0,87988.0
2023-09-06,4.69,4.65,4.71,4.6,85860.0,85860.0
2023-09-07,4.63,4.53,4.63,4.51,90243.0,90243.0
2023-09-08,4.47,4.76,4.76,4.47,137174.0,137174.0
2023-09-11,5.0,5.0,5.0,4.93,148261.0,148261.0
2023-09-12,5.1,4.98,5.16,4.95,247123.0,247123.0
2023-09-13,4.9,4.9,4.98,4.86,118559.0,118559.0
2023-09-14,4.85,4.95,5.05,4.81,138999.0,138999.0
2023-09-15,4.93,5.07,5.1,4.9,135512.0,135512.0
2023-09-18,5.06,5.07,5.2,5.01,118322.0,118322.0
2023-09-19,5.04,5.03,5.08,5.02,72491.0,72491.0
2023-09-20,5.01,5.11,5.17,4.99,108277.0,108277.0
2023-09-21,5.11,5.1,5.23,5.09,112051.0,112051.0
2023-09-22,5.1,5.14,5.17,5.04,124914.0,124914.0
2023-09-25,5.13,5.11,5.17,5.05,94858.0,94858.0
2023-09-26,5.08,5.18,5.27,5.06,140735.0,140735.0
2023-09-27,5.16,5.19,5.34,5.13,179185.0,179185.0
2023-09-28,5.28,4.93,5.4,4.93,273751.0,273751.0
2023-10-09,4.75,4.68,4.83,4.68,192815.0,192815.0
2023-10-10,4.69,4.69,4.78,4.69,107877.0,107877.0
2023-10-11,4.7,4.7,4.75,4.63,81895.0,81895.0
2023-10-12,4.68,4.73,4.76,4.61,99439.0,99439.0
2023-10-13,4.73,4.69,4.76,4.65,70680.0,70680.0
2023-10-16,4.65,4.59,4.69,4.56,100060.0,100060.0
2023-10-17,4.61,4.61,4.68,4.56,61670.0,61670.0
2023-10-18,4.6,4.53,4.62,4.53,56809.0,56809.0
2023-10-19,4.5,4.36,4.5,4.32,112390.0,112390.0
2023-10-20,4.32,4.41,4.46,4.3,74318.0,74318.0
2023-10-23,4.38,4.2,4.4,4.2,81254.0,81254.0
2023-10-24,4.23,4.33,4.33,4.2,67877.0,67877.0
2023-10-25,4.34,4.55,4.55,4.34,96836.0,96836.0
2023-10-26,4.54,4.57,4.7,4.51,95709.0,95709.0
2023-10-27,4.58,4.62,4.69,4.54,73187.0,73187.0
2023-10-30,4.57,4.54,4.59,4.52,68976.0,68976.0
2023-10-31,4.52,4.52,4.58,4.51,50442.0,50442.0
2023-11-01,4.5,4.53,4.56,4.5,34676.0,34676.0
2023-11-02,4.5,4.75,4.76,4.5,123886.0,123886.0
2023-11-03,4.7,4.63,4.75,4.61,89364.0,89364.0
2023-11-06,4.64,4.62,4.67,4.59,73948.0,73948.0
2023-11-07,4.61,4.61,4.64,4.58,74081.0,74081.0
2023-11-08,4.59,4.58,4.61,4.54,82768.0,82768.0
2023-11-09,4.56,4.51,4.63,4.51,70839.0,70839.0
2023-11-10,4.5,4.47,4.51,4.43,66123.0,66123.0
2023-11-13,4.48,4.55,4.6,4.47,68342.0,68342.0
2023-11-14,4.53,4.64,4.72,4.52,97083.0,97083.0
2023-11-15,4.65,4.64,4.68,4.61,69943.0,69943.0
2023-11-16,4.54,4.53,4.59,4.52,68219.0,68219.0
2023-11-17,4.53,4.52,4.56,4.5,62360.0,62360.0
2023-11-20,4.5,4.48,4.53,4.48,59260.0,59260.0
2023-11-21,4.45,4.47,4.49,4.45,55529.0,55529.0
2023-11-22,4.47,4.45,4.53,4.45,56678.0,56678.0
2023-11-23,4.44,4.47,4.48,4.42,62241.0,62241.0
2023-11-24,4.47,4.39,4.48,4.38,68254.0,68254.0
2023-11-27,4.41,4.4,4.53,4.33,97926.0,97926.0
2023-11-28,4.38,4.41,4.42,4.34,56749.0,56749.0
2023-11-29,4.5,4.39,4.51,4.39,66047.0,66047.0
2023-11-30,4.37,4.3,4.38,4.28,69746.0,69746.0
2023-12-01,4.3,4.3,4.32,4.24,48411.0,48411.0
2023-12-04,4.3,4.32,4.34,4.26,46395.0,46395.0
2023-12-05,4.32,4.21,4.32,4.21,71774.0,71774.0
2023-12-06,4.22,4.19,4.24,4.17,47962.0,47962.0
2023-12-07,4.23,4.28,4.39,4.21,100232.0,100232.0
2023-12-08,4.25,4.18,4.26,4.17,66596.0,66596.0
2023-12-11,4.12,4.14,4.19,4.09,56186.0,56186.0
2023-12-12,4.15,4.16,4.17,4.13,45606.0,45606.0
2023-12-13,4.15,4.08,4.15,4.07,50905.0,50905.0
2023-12-14,4.1,4.05,4.12,4.04,52343.0,52343.0
2023-12-15,4.04,4.08,4.13,3.88,95527.0,95527.0
2023-12-18,4.06,3.88,4.07,3.88,96030.0,96030.0
2023-12-19,3.88,3.9,3.95,3.87,47282.0,47282.0
2023-12-20,3.92,3.78,3.92,3.76,66637.0,66637.0
2023-12-21,3.8,3.85,3.86,3.77,64921.0,64921.0
2023-12-22,4.04,4.04,4.04,4.02,42059.0,42059.0
2023-12-25,4.15,4.24,4.24,4.11,89585.0,89585.0
2023-12-26,4.34,4.14,4.38,4.12,158398.0,158398.0
2023-12-27,4.16,4.22,4.26,4.05,102151.0,102151.0
2023-12-28,4.22,4.3,4.43,4.18,129945.0,129945.0
2023-12-29,4.33,4.35,4.4,4.27,72222.0,72222.0
2024-01-02,4.28,4.23,4.36,4.22,76655.0,76655.0
2024-01-03,4.22,4.25,4.3,4.21,53278.0,53278.0
2024-01-04,4.27,4.29,4.34,4.23,61093.0,61093.0
2024-01-05,4.25,4.16,4.34,4.11,86245.0,86245.0
2024-01-08,4.13,3.99,4.15,3.96,84868.0,84868.0
2024-01-09,4.0,4.0,4.04,3.95,48701.0,48701.0
2024-01-10,4.0,4.12,4.12,3.9,74366.0,74366.0
2024-01-11,4.08,4.01,4.08,3.98,74174.0,74174.0
2024-01-12,4.0,3.96,4.03,3.95,50198.0,50198.0
2024-01-15,3.93,3.96,3.99,3.91,33725.0,33725.0
2024-01-16,3.95,3.89,3.98,3.83,52336.0,52336.0
2024-01-17,3.88,3.79,3.9,3.78,44254.0,44254.0
2024-01-18,3.79,3.81,3.82,3.71,62968.0,62968.0
2024-01-19,3.8,3.8,3.86,3.78,38326.0,38326.0
2024-01-22,3.77,3.61,3.8,3.61,72674.0,72674.0
2024-01-23,3.54,3.61,3.64,3.5,58687.0,58687.0
2024-01-24,3.64,3.59,3.66,3.46,63264.0,63264.0
2024-01-25,3.56,3.66,3.67,3.54,62612.0,62612.0
2024-01-26,3.66,3.84,3.84,3.64,66739.0,66739.0
2024-01-29,3.84,3.65,3.87,3.65,79324.0,79324.0
2024-01-30,3.59,3.48,3.61,3.47,55493.0,55493.0
2024-01-31,3.4,3.31,3.53,3.31,67388.0,67388.0
2024-02-01,3.26,3.15,3.3,3.14,89460.0,89460.0
2024-02-02,3.14,3.05,3.25,2.99,91143.0,91143.0
2024-02-05,2.96,2.9,2.98,2.9,69861.0,69861.0
2024-02-06,2.9,2.94,3.05,2.76,118706.0,118706.0
2024-02-07,2.91,2.79,2.99,2.79,94374.0,94374.0
2024-02-08,2.84,2.85,2.91,2.71,100749.0,100749.0
2024-02-19,2.87,2.93,2.99,2.86,91480.0,91480.0
2024-02-20,2.94,3.06,3.08,2.9,111784.0,111784.0
2024-02-21,3.02,3.05,3.13,3.0,132357.0,132357.0
2024-02-22,3.02,3.09,3.12,3.01,86245.0,86245.0
2024-02-23,3.11,3.19,3.2,3.08,105923.0,105923.0
2024-02-26,3.16,3.18,3.27,3.16,103241.0,103241.0
2024-02-27,3.17,3.27,3.28,3.16,83854.0,83854.0
2024-02-28,3.25,3.11,3.29,3.11,137563.0,137563.0
2024-02-29,2.96,3.1,3.12,2.96,125051.0,125051.0
2024-03-01,3.1,3.07,3.17,3.03,88935.0,88935.0
2024-03-04,3.06,2.93,3.07,2.93,114458.0,114458.0
2024-03-05,2.87,2.96,3.03,2.85,107893.0,107893.0
2024-03-06,2.94,2.97,2.97,2.91,70957.0,70957.0
2024-03-07,2.98,2.91,3.01,2.89,73587.0,73587.0
2024-03-08,2.9,2.93,2.94,2.88,64954.0,64954.0
2024-03-11,2.92,3.08,3.08,2.91,113011.0,113011.0
2024-03-12,3.14,3.07,3.15,3.03,120922.0,120922.0
2024-03-13,3.08,3.22,3.22,3.06,82944.0,82944.0
2024-03-14,3.33,3.37,3.38,3.25,323096.0,323096.0
2024-03-15,3.31,3.54,3.54,3.31,192974.0,192974.0
2024-03-18,3.62,3.61,3.68,3.5,210434.0,210434.0
2024-03-19,3.59,3.51,3.62,3.49,124123.0,124123.0
2024-03-20,3.51,3.69,3.69,3.51,165945.0,165945.0
2024-03-21,3.77,3.87,3.87,3.67,207508.0,207508.0
2024-03-22,3.88,4.06,4.06,3.86,168541.0,168541.0
2024-03-25,4.26,4.26,4.26,4.23,59194.0,59194.0
2024-03-26,4.45,4.2,4.47,4.2,391203.0,391203.0
2024-03-27,4.19,3.99,4.26,3.99,183029.0,183029.0
2024-03-28,3.79,3.79,3.97,3.79,240460.0,240460.0
2024-03-29,3.84,3.98,3.98,3.8,152410.0,152410.0
2024-04-01,3.98,4.18,4.18,3.96,105140.0,105140.0
2024-04-02,4.25,4.15,4.38,4.12,214063.0,214063.0
2024-04-03,4.26,4.36,4.36,4.17,167870.0,167870.0
2024-04-08,4.45,4.17,4.46,4.15,174798.0,174798.0
2024-04-09,4.21,4.25,4.37,4.12,139814.0,139814.0
2024-04-10,4.23,4.05,4.24,4.04,147689.0,147689.0
2024-04-11,4.06,4.04,4.13,3.95,89918.0,89918.0
2024-04-12,4.04,3.88,4.06,3.87,95970.0,95970.0
2024-04-15,3.71,3.69,3.79,3.69,93415.0,93415.0
2024-04-16,3.51,3.51,3.52,3.51,27504.0,27504.0
2024-04-17,3.33,3.4,3.6,3.33,131470.0,131470.0
2024-04-18,3.45,3.57,3.57,3.45,75138.0,75138.0
2024-04-19,3.62,3.75,3.75,3.6,120462.0,120462.0
2024-04-22,3.76,3.91,3.94,3.72,121254.0,121254.0
2024-04-23,3.88,3.71,3.88,3.71,121435.0,121435.0
2024-04-24,3.66,3.57,3.77,3.52,120606.0,120606.0
2024-04-25,3.56,3.75,3.75,3.55,111622.0,111622.0
2024-04-26,3.56,3.68,3.71,3.56,103826.0,103826.0
2024-04-29,3.67,3.54,3.75,3.54,109937.0,109937.0
2024-04-30,3.57,3.42,3.58,3.4,93359.0,93359.0
2024-05-06,3.38,3.59,3.59,3.37,93700.0,93700.0
2024-05-07,3.59,3.55,3.69,3.52,94367.0,94367.0
2024-05-08,3.52,3.46,3.54,3.43,63166.0,63166.0
2024-05-09,3.45,3.46,3.54,3.41,54897.0,54897.0
2024-05-10,3.47,3.49,3.57,3.46,73811.0,73811.0
2024-05-13,3.43,3.33,3.45,3.32,90702.0,90702.0
2024-05-14,3.29,3.28,3.36,3.2,107279.0,107279.0
2024-05-15,3.27,3.29,3.38,3.27,63154.0,63154.0
2024-05-16,3.32,3.28,3.34,3.27,46000.0,46000.0
2024-05-17,3.26,3.27,3.28,3.22,48208.0,48208.0
2024-05-20,3.25,3.11,3.27,3.11,128472.0,128472.0
2024-05-21,3.07,3.19,3.23,3.05,94431.0,94431.0
2024-05-22,3.16,3.16,3.18,3.14,49836.0,49836.0
2024-05-23,3.16,3.06,3.16,3.06,64148.0,64148.0
2024-05-24,3.05,3.11,3.15,3.01,76087.0,76087.0
2024-05-27,3.09,3.27,3.27,3.08,69963.0,69963.0
2024-05-28,3.34,3.19,3.34,3.16,93671.0,93671.0
2024-05-29,3.13,3.1,3.18,3.08,58411.0,58411.0
2024-05-30,3.11,3.08,3.21,3.07,74643.0,74643.0
2024-05-31,2.99,2.96,3.01,2.93,115379.0,115379.0
2024-06-03,2.94,2.83,2.96,2.82,90166.0,90166.0
2024-06-04,2.8,2.97,2.97,2.76,96189.0,96189.0
2024-06-05,2.98,2.83,2.98,2.83,87150.0,87150.0
2024-06-06,2.8,2.69,2.86,2.69,122902.0,122902.0
2024-06-07,2.73,2.74,2.8,2.69,69901.0,69901.0
2024-06-11,2.76,2.84,2.88,2.73,75138.0,75138.0
2024-06-12,2.85,2.87,2.93,2.82,62413.0,62413.0
2024-06-13,2.87,2.8,2.91,2.78,51302.0,51302.0
2024-06-14,2.8,2.89,2.94,2.76,71116.0,71116.0
2024-06-17,2.83,2.79,2.86,2.76,76823.0,76823.0
2024-06-18,2.77,2.81,2.86,2.77,48150.0,48150.0
2024-06-19,2.81,2.86,2.91,2.8,70494.0,70494.0
2024-06-20,2.86,2.79,2.9,2.77,60130.0,60130.0
2024-06-21,2.78,2.77,2.8,2.71,40305.0,40305.0
2024-06-24,2.82,2.63,2.83,2.63,87955.0,87955.0
2024-06-25,2.58,2.5,2.63,2.5,109328.0,109328.0
2024-06-26,2.46,2.45,2.49,2.38,139359.0,139359.0
2024-06-27,2.4,2.37,2.51,2.37,79294.0,79294.0
2024-06-28,2.34,2.31,2.44,2.3,103957.0,103957.0
2024-07-01,2.43,2.43,2.43,2.43,13507.0,13507.0
2024-07-02,2.55,2.55,2.55,2.55,7483.0,7483.0
2024-07-03,2.68,2.68,2.68,2.68,10210.0,10210.0
2024-07-04,2.78,2.65,2.78,2.56,187207.0,187207.0
2024-07-05,2.67,2.69,2.75,2.59,121152.0,121152.0
2024-07-08,2.63,2.56,2.68,2.56,69510.0,69510.0
2024-07-09,2.49,2.5,2.52,2.43,95560.0,95560.0
2024-07-10,2.48,2.47,2.54,2.46,56011.0,56011.0
2024-07-11,2.51,2.5,2.52,2.46,69060.0,69060.0
2024-07-12,2.63,2.63,2.63,2.63,31852.0,31852.0
2024-07-15,2.61,2.54,2.62,2.5,89167.0,89167.0
2024-07-16,2.53,2.67,2.67,2.51,133198.0,133198.0
2024-07-17,2.64,2.68,2.73,2.61,119229.0,119229.0
2024-07-18,2.67,2.6,2.67,2.55,101024.0,101024.0
2024-07-19,2.59,2.56,2.63,2.55,63408.0,63408.0
2024-07-22,2.57,2.6,2.65,2.55,67532.0,67532.0
2024-07-23,2.59,2.72,2.73,2.58,179763.0,179763.0
2024-07-24,2.66,2.58,2.7,2.58,143346.0,143346.0
2024-07-25,2.51,2.59,2.62,2.5,83854.0,83854.0
2024-07-26,2.62,2.62,2.66,2.59,75507.0,75507.0
2024-07-29,2.61,2.59,2.65,2.54,83451.0,83451.0
2024-07-30,2.62,2.62,2.65,2.59,73878.0,73878.0
2024-07-31,2.64,2.67,2.68,2.62,81376.0,81376.0
2024-08-01,2.66,2.75,2.8,2.61,160002.0,160002.0
2024-08-02,2.7,2.67,2.75,2.65,125851.0,125851.0
2024-08-05,2.62,2.54,2.68,2.54,139341.0,139341.0
2024-08-06,2.54,2.56,2.57,2.53,63451.0,63451.0
2024-08-07,2.56,2.56,2.58,2.55,50846.0,50846.0
2024-08-08,2.53,2.57,2.62,2.47,87498.0,87498.0
2024-08-09,2.7,2.69,2.7,2.68,164079.0,164079.0
2024-08-12,2.62,2.56,2.65,2.56,140609.0,140609.0
2024-08-13,2.55,2.58,2.6,2.53,67592.0,67592.0
2024-08-14,2.57,2.52,2.57,2.52,54294.0,54294.0
2024-08-15,2.51,2.53,2.53,2.45,72012.0,72012.0
2024-08-16,2.56,2.53,2.59,2.52,57435.0,57435.0
2024-08-19,2.5,2.46,2.52,2.46,60380.0,60380.0
2024-08-20,2.45,2.37,2.49,2.36,88426.0,88426.0
2024-08-21,2.34,2.41,2.43,2.32,83604.0,83604.0
2024-08-22,2.42,2.35,2.43,2.33,72336.0,72336.0
2024-08-23,2.33,2.36,2.41,2.28,69538.0,69538.0
2024-08-26,2.36,2.37,2.4,2.33,45925.0,45925.0
2024-08-27,2.37,2.46,2.49,2.35,105081.0,105081.0
2024-08-28,2.44,2.43,2.48,2.41,69449.0,69449.0
2024-08-29,2.41,2.46,2.48,2.41,68218.0,68218.0
2024-08-30,2.42,2.46,2.51,2.41,115500.0,115500.0
2024-09-02,2.47,2.44,2.5,2.44,88075.0,88075.0
2024-09-03,2.44,2.51,2.53,2.43,109744.0,109744.0
2024-09-04,2.5,2.43,2.51,2.43,103171.0,103171.0
2024-09-05,2.42,2.46,2.5,2.41,80028.0,80028.0
2024-09-06,2.45,2.47,2.53,2.44,106398.0,106398.0
2024-09-09,2.48,2.39,2.48,2.38,76954.0,76954.0
2024-09-10,2.39,2.34,2.42,2.31,86902.0,86902.0
2024-09-11,2.34,2.32,2.35,2.31,51702.0,51702.0
2024-09-12,2.31,2.33,2.35,2.31,46953.0,46953.0
2024-09-13,2.34,2.36,2.41,2.34,78985.0,78985.0
2024-09-18,2.34,2.28,2.35,2.25,73010.0,73010.0
2024-09-19,2.29,2.34,2.35,2.29,56454.0,56454.0
2024-09-20,2.35,2.33,2.36,2.32,44384.0,44384.0
2024-09-23,2.31,2.29,2.37,2.28,84270.0,84270.0
2024-09-24,2.3,2.34,2.35,2.28,78181.0,78181.0
2024-09-25,2.37,2.35,2.42,2.35,103178.0,103178.0
2024-09-26,2.35,2.4,2.4,2.34,97663.0,97663.0
2024-09-27,2.43,2.45,2.46,2.41,112634.0,112634.0
2024-09-30,2.57,2.57,2.57,2.52,162347.0,162347.0
2024-10-08,2.7,2.62,2.7,2.59,367429.0,367429.0
2024-10-09,2.58,2.49,2.58,2.49,165376.0,165376.0
2024-10-10,2.44,2.43,2.49,2.37,201892.0,201892.0
2024-10-11,2.42,2.42,2.49,2.39,148261.0,148261.0
2024-10-14,2.44,2.47,2.5,2.43,128863.0,128863.0
2024-10-15,2.47,2.53,2.59,2.43,217246.0,217246.0
2024-10-16,2.52,2.5,2.52,2.47,132894.0,132894.0
2024-10-17,2.5,2.57,2.63,2.48,182295.0,182295.0
2024-10-18,2.55,2.58,2.65,2.53,171634.0,171634.0
2024-10-21,2.56,2.52,2.58,2.51,169965.0,169965.0
2024-10-22,2.52,2.55,2.57,2.51,135646.0,135646.0
2024-10-23,2.55,2.63,2.67,2.54,206608.0,206608.0
2024-10-24,2.63,2.74,2.76,2.61,243041.0,243041.0
2024-10-25,2.74,2.72,2.75,2.68,176230.0,176230.0
2024-10-28,2.71,2.82,2.85,2.7,159644.0,159644.0
2024-10-29,2.82,2.68,2.82,2.68,191620.0,191620.0
2024-10-30,2.68,2.81,2.81,2.67,194256.0,194256.0
2024-10-31,2.8,2.74,2.9,2.72,216918.0,216918.0
2024-11-01,2.73,2.66,2.78,2.62,169006.0,169006.0
2024-11-04,2.69,2.79,2.79,2.68,110377.0,110377.0
2024-11-05,2.81,2.9,2.93,2.81,242957.0,242957.0
2024-11-06,2.9,2.91,3.01,2.88,200464.0,200464.0
2024-11-07,2.94,3.05,3.06,2.91,234895.0,234895.0
2024-11-08,3.04,2.96,3.05,2.92,223176.0,223176.0
2024-11-11,3.0,3.11,3.11,3.0,138886.0,138886.0
2024-11-12,3.26,3.21,3.27,3.13,339250.0,339250.0
2024-11-13,3.13,3.09,3.28,3.05,295592.0,295592.0
2024-11-14,3.24,3.24,3.24,3.24,41528.0,41528.0
2024-11-15,3.4,3.29,3.4,3.21,420629.0,420629.0
2024-11-18,3.22,3.13,3.25,3.13,161769.0,161769.0
2024-11-19,3.01,3.05,3.08,2.97,241906.0,241906.0
2024-11-20,3.03,3.06,3.09,2.98,170388.0,170388.0
2024-11-21,3.06,3.21,3.21,3.02,263686.0,263686.0
2024-11-22,3.22,3.18,3.35,3.17,270974.0,270974.0
2024-11-25,3.12,3.34,3.34,3.11,244717.0,244717.0
2024-11-26,3.36,3.34,3.48,3.26,241485.0,241485.0
2024-11-27,3.3,3.27,3.32,3.18,175027.0,175027.0
2024-11-28,3.24,3.3,3.35,3.23,108835.0,108835.0
2024-11-29,3.3,3.27,3.35,3.24,114222.0,114222.0
2024-12-02,3.27,3.27,3.32,3.23,119662.0,119662.0
2024-12-03,3.27,3.22,3.31,3.18,135957.0,135957.0
2024-12-04,3.23,3.21,3.33,3.18,114553.0,114553.0
2024-12-05,3.21,3.21,3.23,3.19,73633.0,73633.0
2024-12-06,3.19,3.23,3.26,3.19,97084.0,97084.0
2024-12-09,3.24,3.18,3.25,3.16,114756.0,114756.0
2024-12-10,3.24,3.21,3.28,3.18,133655.0,133655.0
2024-12-11,3.19,3.2,3.23,3.19,98215.0,98215.0
2024-12-12,3.21,3.3,3.3,3.21,137550.0,137550.0
2024-12-13,3.3,3.2,3.3,3.2,111986.0,111986.0
2024-12-16,3.2,3.16,3.23,3.16,79390.0,79390.0
2024-12-17,3.15,3.0,3.16,3.0,157162.0,157162.0
2024-12-18,2.96,3.0,3.06,2.91,103898.0,103898.0
2024-12-19,2.98,2.97,3.03,2.93,103210.0,103210.0
2024-12-20,2.97,3.01,3.04,2.96,69022.0,69022.0
2024-12-23,2.99,2.86,3.02,2.86,120293.0,120293.0
2024-12-24,2.84,2.89,2.91,2.8,78853.0,78853.0
2024-12-25,2.89,2.87,2.92,2.82,70571.0,70571.0
2024-12-26,2.87,2.93,3.0,2.85,72876.0,72876.0
2024-12-27,2.95,3.01,3.02,2.93,68861.0,68861.0
2024-12-30,2.98,2.94,2.99,2.93,59850.0,59850.0
2024-12-31,2.96,2.98,3.08,2.96,114039.0,114039.0
2025-01-02,2.98,2.88,2.99,2.86,86264.0,86264.0
2025-01-03,2.86,2.75,2.88,2.74,95461.0,95461.0
2025-01-06,2.7,2.74,2.76,2.67,97063.0,97063.0
2025-01-07,2.72,2.76,2.77,2.7,73448.0,73448.0
2025-01-08,2.76,2.86,2.89,2.7,96376.0,96376.0
2025-01-09,2.84,2.81,2.85,2.78,65340.0,65340.0
2025-01-10,2.85,2.77,2.88,2.77,63195.0,63195.0
2025-01-13,2.77,2.75,2.77,2.67,55473.0,55473.0
2025-01-14,2.75,2.84,2.84,2.74,70035.0,70035.0
2025-01-15,2.83,2.89,2.94,2.81,78209.0,78209.0
2025-01-16,2.85,2.9,2.91,2.84,89676.0,89676.0
2025-01-17,2.89,2.83,2.89,2.83,46852.0,46852.0
2025-01-20,2.82,2.83,2.87,2.8,35274.0,35274.0
2025-01-21,2.85,2.8,2.87,2.77,49772.0,49772.0
2025-01-22,2.79,2.82,2.82,2.76,39703.0,39703.0
2025-01-23,2.83,2.77,2.86,2.77,57562.0,57562.0
2025-01-24,2.78,2.78,2.79,2.72,55297.0,55297.0
2025-01-27,2.78,2.77,2.81,2.77,37495.0,37495.0
2025-02-05,2.77,2.76,2.79,2.73,44974.0,44974.0
2025-02-06,2.76,2.78,2.8,2.74,45024.0,45024.0
2025-02-07,2.79,2.89,2.92,2.78,101484.0,101484.0
2025-02-10,2.92,2.95,2.98,2.87,105977.0,105977.0
2025-02-11,2.96,2.94,2.97,2.91,61456.0,61456.0
2025-02-12,2.93,2.95,3.02,2.93,84908.0,84908.0
2025-02-13,2.93,2.95,3.0,2.92,64950.0,64950.0
2025-02-14,2.94,3.01,3.02,2.92,102494.0,102494.0
2025-02-17,3.02,3.14,3.15,3.01,118092.0,118092.0
2025-02-18,3.14,3.12,3.18,3.09,100163.0,100163.0
2025-02-19,3.12,3.15,3.15,3.1,68082.0,68082.0
2025-02-20,3.14,3.21,3.23,3.13,89874.0,89874.0
2025-02-21,3.22,3.1,3.24,3.09,102481.0,102481.0
2025-02-24,3.09,3.04,3.12,3.01,101794.0,101794.0
2025-02-25,3.03,3.01,3.08,2.99,87314.0,87314.0
2025-02-26,3.01,3.03,3.05,3.0,58362.0,58362.0
2025-02-27,3.04,3.05,3.08,3.02,58005.0,58005.0
2025-02-28,3.04,2.99,3.05,2.98,75984.0,75984.0
2025-03-03,2.99,2.99,3.02,2.97,60724.0,60724.0
2025-03-04,2.99,2.99,2.99,2.94,70834.0,70834.0
2025-03-05,2.99,2.98,3.01,2.94,71285.0,71285.0
2025-03-06,2.98,2.96,2.99,2.95,75993.0,75993.0
2025-03-07,3.02,3.11,3.11,3.02,220381.0,220381.0
2025-03-10,3.11,3.11,3.18,3.08,186463.0,186463.0
2025-03-11,3.07,3.27,3.27,3.06,178059.0,178059.0
2025-03-12,3.31,3.28,3.43,3.27,245746.0,245746.0
2025-03-13,3.28,3.39,3.42,3.28,259506.0,259506.0
2025-03-14,3.38,3.49,3.53,3.37,234190.0,234190.0
2025-03-17,3.53,3.52,3.66,3.5,215430.0,215430.0
2025-03-18,3.51,3.51,3.57,3.43,184733.0,184733.0
2025-03-19,3.5,3.48,3.61,3.46,157533.0,157533.0
2025-03-20,3.46,3.43,3.5,3.4,129581.0,129581.0
2025-03-21,3.42,3.26,3.45,3.26,231322.0,231322.0
2025-03-24,3.25,3.19,3.26,3.14,156075.0,156075.0
2025-03-25,3.2,3.3,3.35,3.19,212585.0,212585.0
2025-03-26,3.3,3.37,3.41,3.29,166966.0,166966.0
2025-03-27,3.33,3.28,3.42,3.26,121704.0,121704.0
2025-03-28,3.28,3.26,3.34,3.24,82405.0,82405.0
2025-03-31,3.28,3.23,3.33,3.19,109668.0,109668.0
2025-04-01,3.25,3.27,3.3,3.24,84731.0,84731.0
2025-04-02,3.25,3.33,3.36,3.23,91287.0,91287.0
2025-04-03,3.31,3.39,3.45,3.31,149877.0,149877.0
2025-04-07,3.22,3.22,3.26,3.22,80214.0,80214.0
2025-04-08,3.06,3.06,3.1,3.06,87914.0,87914.0
2025-04-09,3.02,3.03,3.08,2.91,179656.0,179656.0
2025-04-10,3.1,3.18,3.18,3.06,109835.0,109835.0
2025-04-11,3.34,3.34,3.34,3.34,5667.0,5667.0
2025-04-14,3.51,3.51,3.51,3.51,3857.0,3857.0
2025-04-15,3.69,3.69,3.69,3.69,13118.0,13118.0
2025-04-16,3.87,3.87,3.87,3.82,224647.0,224647.0
2025-04-17,4.04,3.92,4.06,3.84,813992.0,813992.0
2025-04-21,3.8,3.96,4.12,3.76,740437.0,740437.0
2025-04-22,3.95,4.2,4.28,3.95,756292.0,756292.0
2025-04-23,4.15,4.47,4.62,4.01,923298.0,923298.0
2025-04-24,4.39,4.54,4.75,4.36,813377.0,813377.0
2025-04-25,4.54,4.34,4.57,4.22,628960.0,628960.0
2025-04-28,4.3,4.08,4.46,4.08,668756.0,668756.0
2025-04-29,4.06,4.1,4.18,3.96,489211.0,489211.0
2025-04-30,4.0,3.85,4.1,3.85,469215.0,469215.0
2025-05-06,3.89,4.24,4.24,3.89,449366.0,449366.0
2025-05-07,4.28,4.14,4.35,4.07,649276.0,649276.0
2025-05-08,4.2,4.25,4.39,4.01,534703.0,534703.0
2025-05-09,4.32,4.18,4.43,4.1,351642.0,351642.0
2025-05-12,4.26,4.47,4.55,4.26,558844.0,558844.0
2025-05-13,4.55,4.45,4.61,4.45,424669.0,424669.0
2025-05-14,4.53,4.3,4.53,4.27,347577.0,347577.0
2025-05-15,4.35,4.22,4.35,4.17,266543.0,266543.0
2025-05-16,4.21,4.25,4.3,4.15,208992.0,208992.0
2025-05-19,4.25,4.28,4.34,4.2,166906.0,166906.0
2025-05-20,4.3,4.2,4.35,4.13,225456.0,225456.0
2025-05-21,4.19,4.2,4.23,4.11,201221.0,201221.0
2025-05-22,4.16,4.06,4.2,4.06,170161.0,170161.0
2025-05-23,4.08,4.08,4.2,4.04,189979.0,189979.0
2025-05-26,4.12,4.07,4.18,4.06,158251.0,158251.0
2025-05-27,4.08,4.09,4.14,3.97,191617.0,191617.0
2025-05-28,4.08,4.04,4.21,4.03,141188.0,141188.0
2025-05-29,4.01,4.17,4.23,4.01,253647.0,253647.0
2025-05-30,4.18,3.99,4.19,3.99,231602.0,231602.0
2025-06-03,3.98,4.11,4.22,3.96,234123.0,234123.0
2025-06-04,4.1,4.18,4.25,4.1,227032.0,227032.0
2025-06-05,4.23,4.1,4.23,4.06,179925.0,179925.0
2025-06-06,4.14,4.21,4.21,4.08,166364.0,166364.0
2025-06-09,4.19,4.2,4.24,4.15,206759.0,206759.0
2025-06-10,4.22,4.04,4.25,4.0,274499.0,274499.0
2025-06-11,4.04,4.2,4.32,4.03,345267.0,345267.0
2025-06-12,4.16,4.15,4.22,4.1,190065.0,190065.0
2025-06-13,4.14,4.16,4.2,3.97,387458.0,387458.0
2025-06-16,4.14,4.11,4.2,4.05,162982.0,162982.0
2025-06-17,4.12,4.03,4.12,4.02,152796.0,152796.0
2025-06-18,4.02,4.0,4.03,3.97,100965.0,100965.0
2025-06-19,3.98,3.86,3.99,3.82,159988.0,159988.0
2025-06-20,3.86,3.75,3.88,3.69,205481.0,205481.0
2025-06-23,3.74,3.82,3.84,3.68,144402.0,144402.0
2025-06-24,3.84,3.84,3.9,3.83,142459.0,142459.0
2025-06-25,3.85,3.81,3.87,3.76,187757.0,187757.0
2025-06-26,3.79,3.79,3.87,3.74,160777.0,160777.0
2025-06-27,3.81,3.85,3.98,3.78,194223.0,194223.0
2025-06-30,3.91,3.79,3.91,3.77,183146.0,183146.0
2025-07-01,3.78,3.74,3.9,3.7,292991.0,292991.0
2025-07-02,3.74,3.68,3.74,3.65,247627.0,247627.0
2025-07-03,3.68,3.68,3.7,3.66,213271.0,213271.0
2025-07-04,3.68,3.59,3.7,3.57,282570.0,282570.0
2025-07-07,3.59,3.63,3.67,3.57,192031.0,192031.0
2025-07-08,3.63,3.62,3.66,3.59,175961.0,175961.0
2025-07-09,3.63,3.62,3.65,3.58,216413.0,216413.0
2025-07-10,3.61,3.64,3.65,3.59,174928.0,174928.0
2025-07-11,3.64,3.68,3.68,3.6,215291.0,215291.0
2025-07-14,3.69,3.63,3.69,3.62,155276.0,155276.0
2025-07-15,3.61,3.5,3.62,3.48,225591.0,225591.0
2025-07-16,3.51,3.57,3.58,3.49,171223.0,171223.0
2025-07-17,3.56,3.59,3.63,3.55,181990.0,181990.0
2025-07-18,3.65,3.58,3.75,3.56,223394.0,223394.0
2025-07-21,3.57,3.69,3.71,3.57,311989.0,311989.0
2025-07-22,3.69,3.66,3.71,3.63,165538.0,165538.0
2025-07-23,3.65,3.62,3.68,3.61,165110.0,165110.0
2025-07-24,3.62,3.67,3.7,3.61,161117.0,161117.0
2025-07-25,3.67,3.66,3.69,3.62,130045.0,130045.0
2025-07-28,3.65,3.66,3.68,3.63,140933.0,140933.0
2025-07-29,3.68,3.67,3.73,3.6,204414.0,204414.0
2025-07-30,3.66,3.65,3.77,3.62,268660.0,268660.0
2025-07-31,3.64,3.52,3.69,3.5,311222.0,311222.0
2025-08-01,3.51,3.55,3.57,3.5,125814.0,125814.0
2025-08-04,3.54,3.62,3.62,3.51,178278.0,178278.0
2025-08-05,3.65,3.72,3.75,3.64,275159.0,275159.0
2025-08-06,3.72,3.65,3.73,3.63,167048.0,167048.0
2025-08-07,3.64,3.64,3.66,3.62,127136.0,127136.0
2025-08-08,3.64,3.65,3.66,3.6,130873.0,130873.0
2025-08-11,3.64,3.68,3.7,3.64,154079.0,154079.0
2025-08-12,3.69,3.67,3.71,3.65,144731.0,144731.0
2025-08-13,3.67,3.66,3.7,3.65,148484.0,148484.0
2025-08-14,3.67,3.55,3.67,3.54,221010.0,221010.0
2025-08-15,3.53,3.55,3.57,3.52,174795.0,174795.0
2025-08-18,3.56,3.6,3.65,3.56,178385.0,178385.0
2025-08-19,3.61,3.67,3.68,3.58,256274.0,256274.0
2025-08-20,3.68,3.7,3.71,3.64,187435.0,187435.0
2025-08-21,3.7,3.71,3.73,3.68,163823.0,163823.0
2025-08-22,3.7,3.7,3.72,3.62,206034.0,206034.0
2025-08-25,3.7,3.69,3.71,3.65,193072.0,193072.0
2025-08-26,3.69,3.88,4.06,3.64,822430.0,822430.0
2025-08-27,3.8,3.72,3.89,3.7,586891.0,586891.0
2025-08-28,3.7,3.84,3.95,3.65,633751.0,633751.0
2025-08-29,3.79,3.71,3.81,3.7,345501.0,345501.0
2025-09-01,3.71,3.75,3.77,3.66,267526.0,
2025-09-02,3.75,3.82,3.93,3.72,398087.0,
2025-09-03,3.83,3.71,3.86,3.71,283627.0,
2025-09-04,3.72,3.74,3.78,3.66,265922.0,
2025-09-05,3.74,3.75,3.76,3.66,206548.0,
2025-09-08,3.74,3.88,3.88,3.72,340493.0,
2025-09-09,3.84,3.8,3.95,3.79,395405.0,
2025-09-10,3.81,3.81,3.85,3.76,279170.0,
2025-09-11,3.83,3.75,3.83,3.68,335699.0,
2025-09-12,3.74,3.71,3.77,3.69,268082.0,
2025-09-15,3.7,3.71,3.77,3.69,210055.0,
2025-09-16,3.72,3.83,3.84,3.72,361058.0,
2025-09-17,3.82,3.83,3.88,3.8,288860.0,
2025-09-18,3.83,3.72,3.87,3.67,358341.0,
2025-09-19,3.71,3.62,3.72,3.57,307776.0,
2025-09-22,3.61,3.56,3.62,3.52,166378.0,
2025-09-23,3.56,3.5,3.57,3.4,244849.0,
2025-09-24,3.49,3.57,3.58,3.46,178357.0,
2025-09-25,3.57,3.51,3.59,3.5,124856.0,
2025-09-26,3.56,3.86,3.86,3.53,501931.0,
2025-09-29,3.79,3.85,3.96,3.73,816940.0,
2025-09-30,3.97,3.91,4.05,3.85,562224.0,
2025-10-09,3.9,3.84,3.93,3.77,354255.0,
2025-10-10,3.84,3.91,4.04,3.83,428836.0,
2025-10-13,3.77,3.9,3.93,3.77,338309.0,
2025-10-14,3.95,3.9,4.08,3.87,350231.0,
2025-10-15,3.9,3.97,3.98,3.89,239119.0,
2025-10-16,3.96,3.91,4.03,3.87,233931.0,
2025-10-17,3.9,3.77,3.9,3.76,223829.0,
2025-10-20,3.81,3.87,3.87,3.8,192716.0,
2025-10-21,3.88,3.97,3.97,3.82,209178.0,
2025-10-22,3.98,3.94,3.98,3.9,176461.0,
2025-10-23,3.92,3.98,3.99,3.9,186685.0,
2025-10-24,3.98,3.95,4.02,3.93,184856.0,
2025-10-27,3.93,3.92,3.99,3.87,205220.0,
2025-10-28,3.91,3.87,3.96,3.87,146623.0,
2025-10-29,3.87,3.82,3.88,3.78,197505.0,
2025-10-30,3.8,3.76,3.84,3.75,174981.0,
2025-10-31,3.8,3.83,3.89,3.75,239754.0,
2025-11-03,3.83,3.87,3.88,3.81,205011.0,
2025-11-04,3.87,3.88,3.89,3.83,171286.0,
2025-11-05,3.88,3.96,3.98,3.85,250143.0,
2025-11-06,3.98,3.9,3.99,3.86,197054.0,
2025-11-07,3.92,3.88,3.98,3.87,175055.0,
2025-11-10,3.88,3.88,3.9,3.85,159290.0,
2025-11-11,3.85,3.96,3.96,3.85,275855.0,
2025-11-12,3.94,3.86,3.98,3.84,216532.0,
2025-11-13,3.89,3.93,3.93,3.84,103335.0,
2025-11-14,3.96,3.96,3.99,3.95,213308.0,
2025-11-17,3.96,3.99,3.99,3.91,204356.0,
2025-11-18,3.99,3.86,3.99,3.8,343828.0,
2025-11-19,3.87,3.64,3.87,3.63,362714.0,
2025-11-20,3.69,3.58,3.7,3.55,273817.0,
2025-11-21,3.56,3.38,3.61,3.37,354149.0,
2025-11-24,3.38,3.43,3.46,3.34,245239.0,
2025-11-25,3.48,3.45,3.5,3.44,172661.0,
2025-11-26,3.47,3.44,3.54,3.43,191831.0,
2025-11-27,3.42,3.42,3.48,3.41,158965.0,
2025-11-28,3.43,3.52,3.53,3.37,223695.0,
2025-12-01,3.53,3.48,3.54,3.45,215071.0,
2025-12-02,3.49,3.5,3.5,3.41,186976.0,
2025-12-03,3.5,3.43,3.5,3.42,183121.0,
2025-12-04,3.45,3.37,3.46,3.35,177248.0,
2025-12-05,3.34,3.43,3.45,3.32,185293.0,
2025-12-08,3.44,3.48,3.49,3.42,167921.0,
2025-12-09,3.48,3.42,3.49,3.41,128044.0,
2025-12-10,3.41,3.39,3.44,3.38,118202.0,
2025-12-11,3.4,3.29,3.41,3.28,187204.0,
2025-12-12,3.24,3.2,3.31,3.19,195119.0,
2025-12-15,3.2,3.27,3.29,3.15,188844.0,
2025-12-16,3.25,3.21,3.3,3.18,159980.0,
2025-12-17,3.2,3.21,3.23,3.14,146164.0,
2025-12-18,3.2,3.24,3.28,3.17,145969.0,
2025-12-19,3.22,3.38,3.38,3.22,192013.0,
2025-12-22,3.42,3.37,3.43,3.35,155160.0,
2025-12-23,3.37,3.28,3.38,3.25,175285.0,
2025-12-24,3.28,3.29,3.3,3.26,115706.0,
2025-12-25,3.29,3.33,3.34,3.25,129234.0,
2025-12-26,3.33,3.34,3.41,3.28,212329.0,
2025-12-29,3.35,3.28,3.36,3.26,170169.0,
2025-12-30,3.26,3.25,3.31,3.22,161332.0,
2025-12-31,3.24,3.26,3.29,3.19,154361.0,
2026-01-05,3.26,3.26,3.31,3.23,166873.0,
2026-01-06,3.25,3.31,3.39,3.25,199680.0,
2026-01-07,3.31,3.24,3.32,3.23,199025.0,
2026-01-08,3.23,3.31,3.33,3.22,210778.0,
2026-01-09,3.34,3.3,3.34,3.26,200500.0,
2026-01-12,3.3,3.31,3.33,3.26,238802.0,
2026-01-13,3.31,3.29,3.36,3.28,249085.0,
2026-01-14,3.29,3.25,3.32,3.23,294367.0,
2026-01-15,3.24,3.21,3.25,3.17,234792.0,
